k,silhouette,inertia
2,0.30903275207724,98768.39638824009
3,0.3278815479273974,81414.65852225825
4,0.37030118288097696,64840.4776199889
5,0.3669305945424457,58421.663196445304
6,0.3799129398447788,47093.89471709259
7,0.3291190489516781,41477.641323577256
8,0.2592084570975507,38558.28887227618
9,0.28115607171916723,35319.01387936437
10,0.29005197501293345,32880.75284956586
