k,silhouette,inertia
2,0.21439165031220747,31753.132748132546
3,0.21681568744145185,24799.962828950585
4,0.24741762215635588,20591.988736045947
5,0.2494734587887313,17301.147771127125
6,0.24621801232764515,14450.343545890782
7,0.21681254341984518,13132.323414403956
8,0.21914892607339473,12064.159862796552
9,0.2200983674436456,11358.779619514815
10,0.20663801456146483,10674.093059149067
