k,cost,silhouette
2,29286.063244289016,0.22796625680084226
3,24738.05367468421,0.2387186279695205
4,21669.76289901436,0.23333987758003374
5,19469.730430447475,0.22642210511434224
6,18238.04411389753,0.20632427972880044
7,17314.843154173024,0.1982201997043465
