k,bic,aic,log_likelihood
2,-24000.47589387742,-25874.73995065748,13208.36997532874
3,-182691.64873850677,-185506.50287544215,93160.25143772108
4,-219647.23767626088,-223402.68189335155,112244.34094667577
5,-242028.9547047909,-246724.9890020369,124041.49450101845
6,-296358.87980423693,-301995.50418163824,151812.75209081912
7,-318759.01945002744,-325336.23390758404,163619.11695379202
