k,inertia,silhouette
2,81290.64104853397,0.30551302427289784
3,65465.98706880614,0.28975685837785886
4,56780.26898388842,0.30288688633538835
5,50110.2747748305,0.32257541835852066
6,46328.90045736135,0.28557503227938175
7,43036.80755960698,0.28459887433539705
8,40574.409365455205,0.22795388673095512
9,38729.97492286906,0.23224203443854385
