cluster,estimated_income,household_size,total_energy_burden,living_area_sqft,house_age,campaign_count,email_count,total_text_count,postal_count,channel_diversity,exposure_days,msgtype_informational_count,msgtype_motivational_struggle_count,msgtype_personalized_qualified_count,msgtype_relief_reassurance_count,msgtype_savings_financial_count,msgtype_urgency_deadline_count
0,36629.098360655735,4.399590163934426,8.039253576475135,1505.733606557377,68.51844262295081,37.35040983606557,35.88934426229508,1.4610655737704918,0.0,1.3114754098360655,158.83811475409837,5.506147540983607,21.670081967213115,19.389344262295083,2.8258196721311477,20.9077868852459,10.99795081967213
1,27206.45792563601,3.7221135029354206,12.927504331244608,1349.2348336594912,77.64187866927593,5.02348336594912,0.8003913894324853,4.223091976516634,0.0,1.0782778864970646,43.28767123287671,1.2661448140900196,1.0743639921722115,1.837573385518591,2.6301369863013697,3.3483365949119372,2.8806262230919764
2,39899.764150943396,4.839622641509434,7.640747410311562,1554.8514150943397,67.73349056603773,60.113207547169814,35.77122641509434,24.34198113207547,0.0,2.0,159.91509433962264,12.922169811320755,27.257075471698112,26.28301886792453,16.61556603773585,35.35141509433962,25.2688679245283
3,22843.478260869564,3.9344927536231884,15.390966165450223,1285.5484057971014,78.42289855072464,16.393623188405797,15.716521739130435,0.6771014492753623,0.0,1.2069565217391305,154.2113043478261,2.4127536231884057,8.585797101449275,7.69072463768116,1.488695652173913,10.694782608695652,3.4084057971014494
4,27381.691233514353,4.494957331264546,12.915763309283308,1325.987587276959,73.87432117920869,28.179596586501162,16.358029480217223,11.821567106283942,0.0,2.0,154.95073700543057,6.007370054305663,11.219937936384794,11.880139643134212,8.761830876648565,17.701706749418154,10.490690457719163
