cluster,estimated_income,household_size,total_energy_burden,living_area_sqft,house_age,home_owner,dwelling_type,presence_of_children
0,22584.819217434375,3.258048538880634,11.65953053799868,1222.1953937592868,75.41035165923725,Unknown,Unknown,Unknown
1,9192.38683127572,4.087448559670782,34.867357268273565,1276.758230452675,91.52263374485597,Unknown,Unknown,Unknown
2,40132.11798443261,5.7902498975829575,7.862434602823853,1540.6874231872184,69.38590741499385,Unknown,Unknown,Unknown
