cluster,n_participants,n_applicants,pct_of_total,conversion_rate,lift_vs_baseline,dominant_message_type,avg_campaign_count,avg_informational,avg_motivational_struggle,avg_personalized_qualified,avg_relief_reassurance,avg_savings_financial,avg_urgency_deadline
1,427,17,5.71390338552121,3.9812646370023423,1.2396662763466042,savings_financial,60.02810304449649,12.908665105386417,27.24590163934426,26.269320843091336,16.569086651053865,35.285714285714285,25.182669789227166
3,2105,73,28.16807172487622,3.4679334916864613,1.0798277909738718,savings_financial,19.73396674584323,2.4380047505938243,9.947743467933492,10.629453681710213,1.4931116389548693,12.966270783847982,4.204750593824228
2,1995,68,26.69610598153352,3.4085213032581456,1.061328320802005,savings_financial,33.410526315789475,6.082205513784461,14.947869674185464,15.860150375939849,7.972431077694235,20.546365914786968,11.478696741854636
4,1830,58,24.48815736651947,3.169398907103825,0.9868715846994535,savings_financial,10.268852459016394,1.9781420765027322,5.662295081967213,3.426775956284153,1.3939890710382514,6.721311475409836,1.8912568306010928
0,1116,24,14.933761541549579,2.1505376344086025,0.6696236559139785,savings_financial,20.491935483870968,5.578853046594982,7.589605734767025,6.452508960573477,7.901433691756273,12.35125448028674,9.311827956989248
