cluster,n_participants,n_applicants,pct_of_total,application_rate,lift_vs_baseline,avg_campaign_count,avg_email_count,avg_text_count,pct_letter_only,pct_letter_email,pct_letter_text,pct_letter_email_text,avg_msg_informational,avg_msg_motivational_struggle,avg_msg_personalized_qualified,avg_msg_relief_reassurance,avg_msg_savings_financial,avg_msg_urgency_deadline
0,3289,129,44.01177572594674,3.9221647917300086,1.2212640620249315,25.837640620249317,16.114624505928855,9.723016114320462,0.0,0.0,0.0,100.0,5.405290361812101,10.736394040741867,10.994527211918516,7.453025235633931,16.1961082395865,8.962906658558833
1,2878,41,38.511976448548104,1.4246004169562196,0.44358495482974286,15.26511466296039,15.236970118137595,0.028144544822793608,0.0,98.47116052814454,0.0,1.5288394718554552,2.032661570535094,8.04829742876998,7.350590687977762,0.9496177901320362,10.142112578179292,3.087560806115358
2,476,15,6.369597216646595,3.1512605042016806,0.9812237394957983,37.11344537815126,35.85504201680672,1.2584033613445378,0.0,70.58823529411765,0.0,29.411764705882355,5.38655462184874,21.55672268907563,19.277310924369747,2.7016806722689077,20.779411764705884,10.978991596638656
3,435,17,5.820955439582496,3.9080459770114944,1.216867816091954,59.777011494252875,35.777011494252875,24.0,0.0,0.0,0.0,100.0,12.873563218390805,27.21609195402299,26.204597701149424,16.418390804597703,35.11264367816092,24.93103448275862
4,22,22,0.29439314866854005,100.0,31.1375,0.0,0.0,0.0,100.0,0.0,0.0,0.0,0.0,0.0,0.0,0.0,0.0,0.0
5,373,16,4.99130202060752,4.289544235924933,1.335656836461126,7.7882037533512065,0.0,7.7882037533512065,0.0,0.0,100.0,0.0,2.2305630026809653,1.7479892761394102,2.1823056300268098,4.873994638069705,4.857908847184986,5.150134048257373
