k,silhouette,inertia
2,0.21439165031220747,31753.13274813255
3,0.21681568744145185,24799.96282895058
4,0.24741762215635588,20591.98873604594
5,0.2494734587887313,17301.14777112713
6,0.24621801232764515,14450.34354589078
7,0.21681254341984518,13132.323414403958
8,0.21914892607339473,12064.15986279655
9,0.2200983674436456,11358.779619514817
10,0.20663801456146483,10674.093059149067
