message_type,description,n_exposed,n_unexposed,pct_exposed,exposed_app_rate,unexposed_app_rate,rate_difference_pp,lift_vs_baseline,lift_vs_unexposed,chi2,p_value,significant
informational,Educational content about program details,7139,334,95.53057674294125,3.0256338422748286,7.18562874251497,-4.159994900240141,0.9421067376383248,0.421067376383247,16.450660523845777,4.993278127954918e-05,True
urgency_deadline,Time-limited offers and deadlines,7194,279,96.2665596146126,2.9190992493744785,10.75268817204301,-7.8335889226685325,0.9089345287739783,0.27147623019182654,50.53248047904263,1.1720883488777229e-12,True
relief_reassurance,"Anxiety-reducing, reassurance messaging",7259,214,97.13635755386056,2.975616476098636,11.214953271028037,-8.239336794929402,0.9265325802452129,0.2653258024521284,42.786419831281265,6.105453726077129e-11,True
motivational_struggle,Empathy-based messaging addressing struggles,7273,200,97.32369864846781,2.9836381135707413,11.5,-8.516361886429259,0.9290303176130895,0.25944679248441227,42.71840430417405,6.321472471469148e-11,True
personalized_qualified,"Pre-qualification, personalized messaging",7396,77,98.96962397966011,2.9204975662520285,31.16883116883117,-28.24833360257914,0.9093699296917253,0.09369929691725258,186.64925954013532,1.713005542475742e-42,True
savings_financial,Financial benefit and savings emphasis,7426,47,99.37106918238993,2.9221653649340156,48.93617021276596,-46.01400484783194,0.909889240506329,0.05971381397908641,303.49443860451044,5.707755037413328e-68,True
