cluster,n_participants,n_applicants,pct_of_total,application_rate,lift_vs_baseline,household_income_mean,household_income_median,household_size_mean,household_size_median,house_age_mean,house_age_median,total_energy_burden_mean,total_energy_burden_median,living_area_sqft_mean,living_area_sqft_median
0,2798,62,37.441455907935236,2.215868477483917,0.6899660471765546,34239.095739814155,25000.0,5.9088634739099355,6.0,72.0419734904271,66.0,9.973254069406805,8.99236,1541.9960601719197,1515.5
1,657,22,8.79164993978322,3.34855403348554,1.04265601217656,9323.4398782344,7500.0,3.86910197869102,4.0,87.45826771653543,96.0,40.21058363122418,36.443333333333335,1284.4519083969465,1248.0
2,4014,154,53.7133681252509,3.8365719980069755,1.194612605879422,25097.771878134405,25000.0,2.9842026078234705,3.0,75.52512366571206,71.0,11.486983529278893,10.2922857142857,1195.660790732813,1160.0
3,2,0,0.026763013515321826,0.0,0.0,12500.0,12500.0,2.0,2.0,1797.5,1797.5,18.62974285714285,18.62974285714285,1412.0,1412.0
4,2,2,0.026763013515321826,100.0,31.1375,1650073272.5,1650073272.5,3.0,3.0,49.5,49.5,8.276357142857144,8.276357142857144,1053.0,1053.0
