k,cost,silhouette
2,27809.799547546292,0.22721907773634767
3,23480.13222062664,0.23876191266732558
4,20572.487931385323,0.23280927313909358
5,18481.71476777039,0.22695937419877202
6,17328.684014551414,0.2071920744542029
7,16489.08341184348,0.20748000524239651
