cluster,engaged,rate,n,avg_confidence
0,10,0.11904761904761904,84,0.999999999999824
1,35,0.016188714153561518,2162,0.9982374202871741
2,28,0.03146067415730337,890,0.9999999993055767
3,43,0.025595238095238095,1680,0.9975141876672601
4,1,0.0035211267605633804,284,0.9997208276528631
5,1,0.010752688172043012,93,0.9546547136288049
6,4,0.02666666666666667,150,0.9499016434767501
7,19,0.01898101898101898,1001,0.9968062405549288
8,0,0.0,2,1.0
9,13,0.017759562841530054,732,0.9975042676445528
