cluster,estimated_income,household_size,total_energy_burden,living_area_sqft,house_age,home_owner,dwelling_type,presence_of_children
0,22658.12859383168,3.2801881860951387,11.645725859008273,1219.7017773131208,75.46419236800837,Unknown,Unknown,Unknown
1,9102.972399150744,4.097664543524417,34.916936420988776,1270.3619957537155,91.60509554140127,Unknown,Unknown,Unknown
2,40027.056277056276,5.838961038961039,7.893998897788439,1541.8597402597402,69.4917748917749,Unknown,Unknown,Unknown
