cluster,estimated_income,household_size,total_energy_burden,living_area_sqft,house_age,campaign_count,email_count,text_count,postal_count,channel_diversity,exposure_days,msgtype_informational_count,msgtype_motivational_struggle_count,msgtype_personalized_qualified_count,msgtype_relief_reassurance_count,msgtype_savings_financial_count,msgtype_urgency_deadline_count
0,38219.02654867257,4.603982300884955,7.836966004695076,1530.2157079646017,68.22566371681415,35.92035398230089,35.92035398230089,0.0,0.0,1.0,158.93805309734512,4.981194690265487,20.960176991150444,18.978982300884955,1.9811946902654867,19.960176991150444,10.978982300884956
1,24810.090702947848,4.168448331713638,14.350311213278918,1302.5009718172983,76.75218658892128,15.712827988338192,15.712827988338192,0.0,0.0,1.0,147.2345319080013,2.0704567541302237,8.270489148040168,7.6504697116942015,0.9446064139941691,10.420310981535472,3.2220602526724975
