k,inertia,silhouette
2,59324.366514017456,0.5308587598331389
3,45986.35027577239,0.5281044307086741
4,37808.032990323845,0.30031299518305293
5,33761.92318545368,0.29236660652632607
6,30419.984000028726,0.3065278341426456
7,27222.701651321717,0.30857264465159134
8,27295.059979892572,0.2699811723370901
9,24098.20730951038,0.2730598856856704
