k,bic,aic,log_likelihood
2,-217686.1205898902,-219326.79504184658,109902.39752092329
3,-291563.87867309863,-294028.32272436365,147373.16136218183
4,-499692.15672246995,-502980.37037304364,251969.18518652182
5,-550533.83863276,-554645.8218826423,277921.91094132117
6,-579364.8239034779,-584300.5767526688,292869.2883763344
7,-577993.4696422925,-583752.9920907922,292715.4960453961
