min_cluster_size,n_clusters,n_noise,pct_noise,engaged_in_noise
50,16,2668,37.694263916360555,57
100,14,2719,38.414806442497884,59
200,5,1520,21.474992935857586,33
300,5,1520,21.474992935857586,33
500,2,2841,40.13845719129698,60
