cluster,estimated_income,household_size,total_energy_burden,living_area_sqft,house_age,campaign_count,email_count,text_count,postal_count,channel_diversity,exposure_days
0,43405.47703180212,5.055359246171967,6.851203202307443,1516.2114252061249,67.17020023557126,27.976442873969376,27.976442873969376,0.0,0.0,1.0,154.93934040047114
1,20871.726717857848,3.952943492813546,15.752262529517036,1271.6694231147865,78.16440244142548,16.02638314628864,16.02638314628864,0.0,0.0,1.0,154.75959834613113
2,26636.212624584718,4.1096345514950166,13.43639293718709,1301.063122923588,81.3687707641196,1.930232558139535,1.930232558139535,0.0,0.0,1.0,11.943521594684386
