k,inertia,silhouette
2,45230.66970841547,0.25711328970833425
3,37493.681877525014,0.3016832238309143
4,31902.260329920457,0.22216747314088273
5,28035.147917083876,0.23579122320511559
6,24833.265404726393,0.23735154397978567
7,24008.85317336618,0.2204997086886232
8,20804.108378373494,0.22269052902091227
9,19674.469049937114,0.20786478144454015
