k,bic,aic,log_likelihood
2,-32162.08173017487,-32773.04418299545,16475.522091497725
3,-48328.43322436201,-49248.30927692333,24758.154638461667
4,-89075.37085678786,-90304.16050908994,45331.08025454497
5,-71687.31669173599,-73225.01994377881,36836.509971889405
6,-74127.64283190707,-75974.25968369063,38256.129841845315
7,-86964.0676361194,-89119.59808764371,44873.799043821855
